{
    "rmse": 0.6470352505220691,
    "mae": 0.5048924209499283,
    "r2": 0.30495731811252835
}